album_id,genre
16251,4
21934,3
15818,4
17364,2
7554,2
3221,3
8064,3
19292,3
21166,3
8416,2
19313,4
14376,2
21770,3
2099,1
24611,3
14556,4
11222,1
22994,3
5889,4
11676,1
7738,4
1362,4
25214,3
7309,4
9552,1
19030,3
25131,3
22396,3
12517,4
10197,0
13244,2
1336,0
26149,1
20470,3
529,0
16713,1
2052,0
9101,1
22143,3
2200,1
9818,3
8081,4
10310,1
14567,0
24407,4
17790,3
14009,1
14056,0
9763,1
6810,4
19464,3
2449,0
2093,3
20845,3
13591,0
15643,4
2871,2
24620,3
11862,0
9063,4
4625,4
18600,1
22273,3
13953,0
4150,0
14456,2
18390,1
5033,4
2705,2
9698,0
20631,3
13623,0
5217,2
21228,3
20996,3
16445,1
7556,4
3692,0
22078,3
17585,3
22686,3
14583,4
19009,1
18394,3
6637,4
22617,1
13531,0
2312,2
19176,3
12189,0
17340,3
13322,1
23762,1
11832,3
5080,4
11850,1
12584,0
12059,1
3736,4
11550,2
3033,4
2538,0
193,0
16174,0
5207,4
297,0
10285,4
4005,3
22275,4
12300,1
10287,1
13213,0
12424,0
6840,0
12855,1
9184,0
6160,1
13735,0
559,0
9709,1
20611,4
7157,3
20822,3
25804,4
1767,3
20210,3
23933,1
2547,4
21804,2
13420,3
14800,0
1667,0
15689,0
24508,1
636,1
8603,4
10616,0
6913,2
23689,1
3980,1
623,0
2833,2
2820,4
19481,2
2047,4
21038,3
24074,3
20656,1
7841,2
15953,1
12565,0
25526,3
14167,3
9450,2
26325,1
8150,4
33,1
14834,0
10699,0
6182,0
29,0
10111,2
19960,3
1350,2
7736,1
5998,3
12053,4
619,3
12453,2
5432,0
13261,2
15185,2
5556,1
23271,1
5592,2
7412,2
13226,3
417,0
19600,4
3839,1
3606,2
16692,3
14204,1
3988,4
19559,2
11468,1
12498,0
23751,3
25060,3
7220,4
6931,1
14372,0
371,0
9467,0
12846,0
16366,4
5928,2
22969,4
26144,2
15584,3
24140,2
799,0
909,2
23638,1
10027,4
21454,1
2937,2
18153,2
20063,4
16205,4
9978,4
827,2
25117,3
6029,2
12915,0
2708,0
11103,0
18571,4
21195,3
16108,0
24887,3
17619,2
15086,1
11354,0
23189,1
6198,4
22965,1
6873,1
10841,4
4535,4
12796,1
25202,3
1484,0
844,0
770,0
1128,0
17243,1
25338,3
14969,1
3442,1
20624,3
1389,0
1078,1
15451,4
14681,1
22435,3
21158,3
8258,4
9301,2
15702,3
24705,3
13625,1
5567,3
23161,3
1887,3
15578,3
1307,2
6675,4
20763,2
21865,4
21015,4
11407,1
3567,0
47,0
22175,4
1745,2
2399,1
1971,4
12691,4
16543,4
395,0
16716,4
18636,4
14298,1
15012,0
19035,3
3680,3
12729,4
19513,3
1968,2
18723,2
18338,1
449,3
3796,0
9260,2
17939,3
13131,2
24472,3
3081,1
12159,3
7179,4
4767,1
9357,3
1312,2
5525,3
22938,3
21886,4
24633,2
19101,4
6734,3
7086,0
10542,1
20934,4
19222,1
11677,0
11449,2
20600,4
9770,0
5172,1
4802,4
68,2
594,2
2652,4
7834,4
13877,0
24627,3
7916,1
9715,3
17325,2
24972,3
15690,1
9839,3
16432,3
3888,3
10797,1
26392,2
25003,2
4815,3
11631,1
23609,2
17608,2
23951,0
11168,4
19795,2
830,2
25399,0
2749,2
14568,2
2786,4
23740,2
19374,4
23551,4
8641,4
1471,4
13,3
9747,1
13991,3
15600,1
238,0
16640,3
360,2
22700,4
4710,3
10995,2
20016,1
19501,3
15294,3
7428,4
20988,3
3352,2
25192,3
11709,1
9704,0
15922,1
9468,2
10502,4
10118,1
61,3
9527,1
14558,0
12981,1
11225,1
185,2
8079,1
14219,4
25130,3
3029,0
24512,3
2241,4
25076,2
16606,3
920,2
3318,2
25019,3
9918,4
6990,3
3935,1
1075,2
16618,1
19296,3
15581,2
16296,4
24857,2
19259,3
10348,0
2051,4
9036,1
17220,1
22546,3
6600,0
126,2
1678,2
20918,2
23371,2
2746,1
3622,2
1203,2
6456,0
7447,2
22475,2
21994,1
23910,3
11746,1
19159,1
6248,0
19916,3
12594,0
5042,2
2365,0
13940,0
19784,4
11255,4
11672,4
4036,1
7469,0
6991,4
10987,1
15504,4
12831,0
14460,0
16189,2
26512,3
24985,2
19006,3
17260,1
146,1
9259,2
15724,1
9543,4
13020,0
11155,0
9598,3
1860,2
1028,1
13759,4
4595,2
16804,4
17140,1
17589,4
14975,1
14091,3
6108,3
13101,2
14564,2
12069,3
12665,2
10444,3
1248,1
18079,3
3875,4
3886,0
19617,3
12117,3
19494,3
2086,4
23719,3
446,0
5799,2
26328,1
14207,0
11964,0
2771,0
23464,3
312,2
2313,1
12184,0
18192,3
4116,1
13288,0
6789,3
19317,4
18142,2
15037,1
21992,1
13835,2
7886,4
884,0
1852,1
12062,1
4504,0
8581,2
25484,2
794,0
1219,2
7993,0
334,0
7008,2
14820,1
24977,1
1735,1
25597,0
7803,4
8296,0
19512,1
24605,3
24458,4
1238,0
6312,2
10618,0
1595,4
22146,1
6729,2
19233,4
13965,0
21071,0
23891,3
3718,1
414,0
19571,4
2245,0
9207,4
6057,0
11267,4
23629,3
225,0
2259,0
15003,3
24058,3
16559,3
10139,1
26051,1
16906,4
23712,3
13648,3
24580,3
5666,2
24721,3
23584,3
19280,3
8213,0
3598,1
22835,4
20743,2
7980,0
14962,1
716,2
24713,1
114,1
11947,0
25096,2
18526,4
7201,0
5739,1
14189,2
1162,1
24022,4
9629,4
895,4
20391,4
12706,0
8819,2
9544,1
8780,1
11518,1
17516,4
11548,2
13621,0
15289,0
13855,3
25523,2
15478,1
22992,1
13251,3
17055,4
10369,4
23416,1
22897,4
25357,0
15770,3
24304,2
6790,4
692,2
2419,1
6013,2
25881,1
6974,4
3642,1
602,0
10681,0
7931,0
21290,3
18835,3
2762,1
501,0
22885,3
25009,3
16635,2
14073,0
8356,2
25221,2
12902,4
12721,0
8293,0
6061,2
1022,4
23127,1
18163,1
23390,3
8414,3
4078,2
6294,3
1529,4
14619,4
21004,3
3274,0
25830,4
13522,0
1966,3
6296,4
20293,1
26,3
6488,0
11868,4
20393,2
8621,1
13702,0
16794,0
7243,1
9845,4
15503,1
5808,4
3199,2
14738,3
5781,0
2674,2
23381,2
91,4
3658,4
11062,0
23936,2
793,0
16755,4
17541,3
9269,4
4186,1
25101,1
13046,1
14,0
6023,2
940,0
7043,3
2206,2
3023,3
14698,0
4153,4
2215,4
8036,2
8182,2
15852,3
7923,2
12039,2
20618,3
8599,0
11003,2
18857,1
19572,2
3596,2
24521,2
18465,4
10013,2
22128,1
20883,4
18122,1
19607,3
7289,4
2430,1
22429,2
7203,0
11861,2
26058,2
986,2
2412,2
3359,4
10443,4
10065,0
13268,3
2262,0
3078,1
8677,0
956,1
2480,0
10877,0
10269,3
16103,4
5245,1
104,0
22436,4
11165,1
24690,1
23677,3
12165,2
9842,0
7082,1
20009,3
14536,1
21690,4
19218,2
24510,3
17596,3
9971,1
35,4
161,2
15246,4
12822,0
18233,1
10994,4
20011,4
4734,4
7389,4
16696,0
16676,2
3302,1
15571,4
15528,1
1027,2
20546,4
7759,0
23452,3
25500,0
1853,1
8435,3
16428,2
18890,3
14898,0
20384,3
25507,0
19736,4
11414,2
2920,3
8741,0
11519,3
2721,4
6213,2
3908,4
16959,4
1975,4
8157,4
3177,1
20650,3
1366,2
4712,2
14815,0
13158,3
15144,1
8410,3
26224,0
3147,0
6379,2
23847,1
10481,0
5235,2
13698,0
21866,1
17804,2
14014,1
5902,2
13773,4
2463,0
9123,1
674,2
8754,4
24108,3
3747,0
4811,2
2506,4
3551,1
13469,0
24830,1
12623,2
13280,0
5214,1
15317,1
5057,0
16510,4
15220,2
2306,4
2354,0
6908,2
2044,4
11647,1
11901,0
1178,4
10238,4
6566,1
3542,0
25456,3
8475,0
8863,1
21947,3
2846,2
18822,4
16199,3
10066,2
8925,4
13705,0
19268,4
1254,0
24415,3
11803,0
4877,3
7294,1
4575,4
8387,0
23656,2
5206,0
23313,3
21790,3
18427,3
5907,3
18057,4
13540,0
1023,4
20584,3
26414,1
15539,1
17578,3
2944,2
25142,4
3011,2
21924,3
19179,1
6517,1
10463,3
422,2
11091,0
11235,2
17177,3
5704,4
15008,1
16258,3
19357,3
526,0
19214,3
24424,2
4276,1
9230,1
19149,3
7889,2
9755,0
540,4
18355,3
9815,1
10097,2
20495,1
9423,0
16586,1
9772,1
117,1
24999,2
15367,1
3623,2
4458,4
17024,0
12193,4
17113,2
4989,2
5377,2
17522,2
10586,0
8327,0
8624,2
18966,4
14591,2
19568,3
15129,2
14099,1
2244,2
7512,2
19208,4
2576,4
13567,0
14960,4
22879,4
23202,4
21868,3
23012,3
3172,2
23362,4
9691,1
22088,4
17841,2
6363,4
5267,0
18509,2
22270,3
21839,3
25129,4
14959,2
1192,2
24686,2
18777,1
6100,4
10509,0
18020,1
0,0
25952,1
21922,3
16450,1
3841,1
1455,4
24986,1
2049,2
13382,0
22080,2
9180,1
8701,4
3549,3
23187,2
12418,1
4587,4
1019,4
4730,2
14797,0
9369,2
2501,1
10023,2
19863,2
554,0
12786,3
25642,3
4926,0
21128,3
12621,4
12720,2
26103,0
12089,2
15002,3
18649,3
10244,4
1145,1
24741,3
11135,2
24489,3
17219,2
11416,0
2640,1
23795,1
17492,1
22791,4
23130,1
11925,0
3164,1
13849,1
2459,0
21560,3
7326,1
9181,4
11668,4
3853,2
20417,3
25966,0
15601,1
15757,3
3161,1
12662,2
14213,0
5683,0
12725,0
21054,3
12528,4
24439,4
2832,1
26117,1
19879,3
6115,2
22744,3
10145,3
24269,3
14473,1
16204,3
8986,4
21799,3
4907,1
21383,3
12252,1
3509,4
18517,3
17011,4
5395,1
19664,1
8650,4
21295,3
4026,2
6651,0
21894,4
8594,4
7990,2
13084,1
14146,1
9007,0
19792,3
8173,1
15842,3
5695,0
3455,2
16572,4
24068,3
18373,1
11751,2
21377,3
15383,4
12156,0
12357,4
11799,4
3716,4
20722,3
12223,1
5854,2
18403,3
5728,1
22864,2
11742,0
21990,4
304,2
2240,2
10388,2
8703,2
12535,1
1635,4
16076,4
18071,3
9907,0
14816,0
197,0
8949,2
24242,1
2692,0
2349,2
2579,0
19922,3
4545,4
2938,4
8839,1
7621,1
12537,4
22859,3
12421,3
21463,4
12347,0
4605,1
14239,1
2733,4
13959,4
15109,0
10224,2
5429,1
13746,1
18587,4
7197,2
4724,0
15031,1
8311,4
23750,1
12320,0
15973,1
14610,1
20055,4
23572,1
12256,2
25303,3
13961,0
18406,4
20450,1
20454,3
5990,2
1383,1
12654,1
2164,2
11170,2
15377,2
24371,3
20997,3
22472,2
280,2
8857,2
19440,4
23585,2
758,2
23108,3
664,0
25185,3
2380,4
10340,0
12142,1
11759,2
24963,3
11002,0
17827,0
19386,3
18921,4
4969,0
4779,1
24638,1
5586,0
4527,4
2618,1
19926,3
20310,3
3987,4
12274,1
10018,2
13723,0
3153,3
22222,2
12129,0
12779,2
14899,4
20980,3
12109,1
19224,1
1,0
2642,1
10945,3
10522,0
24602,3
2776,0
5187,0
16250,4
14138,1
6131,1
20383,3
5001,1
14874,0
25360,0
12133,4
11732,2
7919,4
5314,2
1993,2
26272,1
21879,4
10698,3
9228,1
14053,0
11232,0
21118,3
16588,4
19799,4
3401,4
4163,1
22427,2
7421,0
23618,3
15924,3
6859,3
4375,2
18735,2
8723,0
4363,0
5181,0
19661,3
25887,2
1957,0
262,1
726,0
10620,0
1482,0
21760,3
8408,0
14034,1
20675,3
8207,0
24422,1
18363,4
22532,3
15312,4
22301,1
12512,3
11640,3
5321,4
24536,3
3087,0
16218,3
5320,2
14703,1
19948,3
170,0
12756,2
12518,0
14769,2
23197,3
10709,0
16210,4
24056,1
16078,4
8557,4
14871,4
6395,0
20911,3
21527,2
11246,0
20884,3
377,1
9687,4
15510,2
7565,2
7592,3
22076,3
2745,0
9313,0
6760,4
6239,1
24268,3
19921,4
14390,4
11529,2
11797,0
22548,2
12515,2
1871,2
16953,3
17626,3
593,1
25596,0
1346,0
14217,0
21774,3
10216,3
7180,1
1291,1
6205,1
22268,3
24680,3
11383,0
23911,3
14144,0
14563,0
9982,1
23212,2
3278,0
8706,2
2758,1
23707,4
13423,0
21616,4
25858,1
23831,4
25147,3
19891,4
5443,0
15085,3
16729,3
10614,0
2067,4
21491,3
3328,2
26212,4
20534,4
5411,3
14660,1
23310,3
6921,2
6662,2
10818,0
13653,3
20790,4
5855,3
16264,3
15848,0
7912,1
10132,4
23435,1
1641,0
2010,4
2625,1
23083,4
24995,2
1427,0
11540,4
10827,1
2529,4
13187,0
9061,2
12070,2
16556,0
8673,4
9965,0
2278,4
17157,4
6230,4
14840,1
6843,1
23124,3
9218,1
4602,2
7135,4
6200,2
20667,2
1869,0
4494,1
25099,2
3663,2
10854,4
15794,1
15991,4
19250,1
20177,4
13445,2
9816,1
11937,0
14363,1
4579,2
4857,0
1549,2
24919,2
24662,1
18474,2
4014,2
2673,2
23973,3
11037,0
11989,0
10418,1
17388,4
16029,4
12463,0
6496,0
11447,2
19756,4
3803,4
2502,1
16095,3
13670,0
2930,1
12576,4
11924,0
3072,4
857,1
23516,1
9463,2
15279,1
23864,2
13691,4
20825,3
12346,1
735,2
21653,3
15449,4
15195,3
14483,4
21142,4
21576,3
24,0
12933,4
7806,2
6005,4
8014,2
11595,0
1485,1
7271,4
5867,2
10613,1
18286,2
13881,0
25020,3
10538,0
23731,1
23484,3
5106,4
22483,3
25920,0
18215,2
5918,4
23065,1
21797,4
3837,2
2389,2
23076,1
7144,4
11840,1
11392,0
23411,1
14613,2
8214,3
15150,1
516,1
6537,2
1874,0
23903,3
16570,4
19517,1
7154,3
8874,0
399,0
7681,4
16000,1
12733,2
9434,3
11689,4
19808,1
13005,3
13796,0
3022,1
390,0
2096,2
19880,1
7730,4
10756,4
25334,3
21647,3
12660,1
22386,3
11757,3
8235,1
6208,3
15658,3
14054,4
7598,4
23640,3
24948,2
5315,1
3885,4
251,4
20113,4
613,2
7354,4
17822,3
7204,4
797,0
8946,0
13550,0
24028,2
16867,4
2628,2
15980,4
11573,1
5611,0
11099,1
2352,2
19929,2
4636,0
12284,1
4656,4
24943,3
13758,1
8209,4
13571,3
18902,3
11200,1
5479,2
19531,4
22430,1
5896,1
678,1
2941,0
21461,3
17724,0
24530,3
5475,4
8868,1
1818,4
24281,4
286,0
15088,3
21244,3
13477,1
17555,3
13205,0
10724,1
8674,4
11282,4
14868,1
17850,2
21552,3
17154,2
23796,2
21129,1
18985,3
1554,4
11829,3
21313,4
5022,4
7405,4
8648,0
25410,0
5173,0
1907,3
9824,4
345,2
7335,2
13889,0
9565,3
20604,4
4093,4
6455,0
13137,4
9455,4
10123,0
25139,3
23799,3
9339,4
352,4
18673,3
5722,2
4065,3
1916,0
2988,2
3296,1
20398,1
12910,0
17703,2
20945,4
14594,0
19591,3
23253,2
6951,4
15847,1
1391,4
3159,2
21189,3
11250,3
11088,3
6234,1
3667,2
12301,0
6111,4
24133,4
26246,1
13761,4
279,0
15677,3
3541,1
12170,0
3089,2
12345,1
26040,0
9942,0
4733,2
22674,3
1694,0
24958,3
10124,4
18828,4
1246,2
12119,0
11300,2
25125,3
5162,4
13283,4
11898,4
9914,0
11566,2
16643,4
7502,2
5134,1
26509,3
17046,4
14139,1
17566,4
10364,4
26064,1
1557,1
4820,2
10191,3
11872,1
23624,3
9307,0
8299,0
3765,2
4350,2
1590,1
15927,0
387,1
4314,0
14661,0
4149,4
17111,1
98,1
18458,4
8630,3
12254,4
13047,0
17785,3
19700,4
4915,0
15509,1
15950,4
520,1
14185,1
18392,2
7171,2
16334,2
6068,2
20396,3
14916,4
19556,3
19972,3
7787,4
22871,1
11805,0
20301,2
19780,4
650,1
1965,2
13941,3
18287,1
18650,3
4987,1
23295,3
1922,0
19762,4
13722,1
26210,1
3367,4
23808,3
25066,3
13468,2
13643,3
18711,2
2109,0
17535,4
5176,4
6203,2
21208,1
17659,4
5833,4
2536,3
10901,0
5720,2
21318,2
23979,1
545,0
24319,3
18694,1
13736,0
15803,2
10639,3
13023,2
21417,1
15939,3
17112,2
11210,2
141,0
12966,0
6692,0
20878,3
17189,3
19316,3
6056,1
1067,4
2234,4
12149,1
8615,4
1748,4
4383,0
15049,2
11777,1
23746,3
10259,3
16857,4
370,1
12450,2
292,0
6871,1
21148,3
7846,2
11194,2
23972,1
25413,0
4995,2
3306,1
8935,0
12367,2
9690,1
15764,2
12976,0
5160,1
13726,3
9460,0
948,0
24259,3
18184,4
9899,1
22104,3
10265,0
14963,3
14075,0
14990,4
3025,2
2388,2
16947,3
1984,4
11425,2
9902,0
14135,2
13958,1
25333,3
10887,4
5435,1
1930,4
12234,2
11230,0
22187,3
9106,2
25073,4
26218,1
13843,1
13861,0
14474,0
20519,3
6765,4
10193,2
13626,0
8974,1
210,0
21303,1
16848,1
1355,2
9825,1
12329,2
20008,3
17135,2
620,2
24885,3
15612,2
15808,3
2408,4
3920,4
22382,3
15001,0
7464,0
11487,3
5613,2
22481,1
13031,0
6748,2
15357,1
904,4
4896,3
22320,3
9312,2
7027,0
12236,0
4239,0
17184,2
4216,2
6129,3
8334,3
6953,0
13734,1
95,0
17086,4
19059,2
11172,1
9663,0
21738,3
18365,1
23857,3
12390,1
18251,3
20925,3
8032,3
20054,4
23541,1
24672,3
369,0
18058,2
833,1
6703,0
19028,3
19660,4
19119,3
22281,3
22927,3
25872,1
13414,2
4554,1
6652,4
3420,1
12810,0
9194,2
15592,0
23293,1
9973,1
23606,3
8212,4
7240,2
14737,1
13162,1
685,4
19966,3
21986,2
3815,1
10404,2
3887,0
4284,0
25882,0
4222,1
15675,0
9516,0
851,2
8982,1
119,0
10207,0
26425,3
4253,2
12000,1
21336,1
1009,1
23774,3
2336,2
12543,4
3726,3
13017,2
42,2
1502,2
18789,4
814,2
4081,2
3338,2
14267,1
24119,3
4270,0
20677,3
12709,1
13184,1
18781,4
14133,0
23557,3
10095,2
1926,2
23455,3
4616,2
59,2
21284,2
8936,0
24608,2
12125,4
23504,4
17911,3
19758,4
54,2
11130,4
12771,1
3554,0
6112,4
26225,0
22134,3
20509,3
20773,2
1688,0
24165,3
24840,3
562,2
15090,2
9377,0
15286,2
15240,0
9503,1
2079,0
7852,1
16200,4
21065,4
6546,3
14176,3
10757,0
21874,4
24783,3
4214,4
3453,4
3533,3
11665,4
15904,3
6276,2
23958,1
15200,2
5873,2
12749,1
14273,0
6480,4
18527,3
25718,0
22089,4
25002,3
189,0
20032,2
25397,0
25963,2
11749,0
26082,1
10938,1
17403,4
11361,4
5127,3
9363,4
22449,4
4948,4
7235,4
11697,1
6594,2
2124,1
1091,2
19353,4
10946,0
25643,4
11910,0
8268,1
24969,3
19257,4
7514,0
19943,3
22037,4
15783,0
7854,2
12744,1
11900,0
2003,1
402,2
11617,3
5714,1
7563,0
15665,1
7330,4
8444,3
21028,3
17346,1
94,0
15083,4
3599,2
23648,1
22509,3
10112,2
24673,3
3969,0
11692,3
10039,4
20956,4
1847,2
14920,0
13786,2
18709,2
9331,0
2130,4
13618,4
16918,2
25340,3
20657,3
1395,4
11173,4
23830,2
1783,1
6541,1
7024,2
13650,0
15489,0
1692,4
21151,4
10795,3
2730,3
13737,0
12359,0
1396,4
9510,3
11052,2
16787,0
19127,2
5327,0
25498,0
964,0
24517,3
4032,1
13896,3
688,1
12371,1
9119,4
15416,1
13318,1
8249,2
5986,1
1954,1
5412,1
12701,0
5177,0
13320,3
16552,2
19113,3
15436,2
25697,2
1242,0
1560,0
9105,0
4639,2
8713,4
15957,1
2590,0
24016,3
19072,2
12856,0
21251,3
2512,4
12489,0
19667,4
12980,0
5226,2
16798,4
24827,4
25734,2
5763,0
1001,0
14011,0
24858,3
3480,4
9779,4
13808,4
10130,0
8762,2
24003,3
16630,4
25423,0
25449,1
3540,0
28,0
1421,1
999,4
23461,3
641,3
5144,4
1646,2
13208,1
7682,4
6298,4
8413,3
20115,1
12616,3
10314,0
4505,2
20810,3
223,1
21164,3
5544,2
13425,0
21268,3
12441,4
3813,1
744,2
22504,3
16142,0
25053,3
24468,1
6358,2
10449,0
563,0
8743,4
3390,2
13415,1
10223,4
14952,1
5452,0
5640,2
14881,4
6053,1
16163,2
23507,3
6850,1
16315,3
13744,1
12732,0
4127,3
25306,3
5123,0
9904,4
15929,4
19959,2
13309,0
19883,1
1613,1
87,2
3694,2
13194,0
6260,0
24974,3
20868,3
25981,0
3974,2
20338,3
25782,4
25163,3
5569,3
20947,4
12849,2
353,1
23885,3
14290,0
24471,3
19776,3
2111,4
16400,4
20786,3
23935,2
7083,1
4750,4
16350,0
15511,4
24107,3
15018,4
12874,1
15573,3
2119,0
8699,2
15014,1
4080,4
2908,4
3053,2
10221,2
6410,2
17844,0
13795,4
20876,4
300,0
16026,3
11236,0
23500,3
21132,4
3531,0
69,0
1942,0
22545,3
11905,0
2790,1
17133,3
15074,3
18894,3
15918,4
6750,2
12692,0
2873,2
467,1
26155,2
22961,1
17245,4
6741,4
4564,2
15466,3
5755,3
8295,3
9827,0
16889,4
4124,1
8398,0
10225,0
24733,3
15738,4
17765,4
16644,4
15175,1
6164,3
21991,4
2796,4
13669,1
17623,4
14527,0
2050,0
6422,2
19204,4
4525,1
2704,0
3065,2
23767,3
20460,4
18979,4
21058,3
18728,2
13656,4
20831,4
25040,3
8781,1
23928,2
12016,0
23347,2
21701,3
20851,3
24431,1
21592,4
5732,0
21750,3
15493,1
18193,2
1716,4
6564,4
4211,0
1399,0
838,2
242,2
18309,4
14496,0
9459,3
10274,0
5336,2
7524,2
22217,3
15985,0
7947,4
1089,0
739,0
24393,4
4996,2
19427,0
1208,0
17454,3
13201,0
24176,2
9952,4
14158,4
20455,4
949,0
10666,1
19536,3
15306,1
8664,3
1508,2
14699,1
7058,1
2175,2
16464,1
18494,1
18185,1
22464,3
11014,4
14209,0
6633,0
16549,3
17570,3
23766,3
16775,3
15173,0
3546,2
11430,4
20750,1
16197,4
3169,0
465,0
23068,3
12306,4
14300,1
573,2
13818,0
16590,3
16666,2
18377,3
7981,0
15082,4
5848,4
14183,1
25994,1
12770,0
15407,0
22252,3
23043,3
18738,3
14988,4
15440,1
10085,4
15887,1
24756,3
14850,1
7355,2
17675,3
8385,0
5685,4
17868,3
1731,1
2411,2
8337,2
9395,1
8074,0
8417,4
25640,2
1600,1
25039,3
12163,0
9833,0
11008,2
19678,4
19652,3
17104,2
2081,2
18845,3
8057,0
14388,0
3749,4
1385,0
3744,4
17519,2
3882,2
3970,3
13667,0
2912,1
23239,4
24333,3
5987,0
10415,4
14538,3
14837,4
24695,3
19721,4
3930,4
23387,4
23627,3
7483,2
18529,2
9340,2
7747,2
17160,3
6274,2
10423,0
11987,4
20277,1
5312,2
842,1
23943,1
3412,0
3923,1
10570,1
20749,3
24174,3
19490,1
24837,3
16598,3
3719,2
17545,0
17561,4
23367,3
24962,1
14930,0
18555,3
16802,0
16061,3
21023,3
21001,1
6368,1
10875,0
18299,4
6290,0
22769,3
12052,0
23377,2
4552,1
20077,3
2230,2
4637,1
7433,0
20528,4
553,0
1181,1
6288,0
15322,3
20378,1
3019,4
406,0
21835,4
21080,3
1224,0
6827,1
10713,0
239,2
14981,3
23518,2
10944,0
21940,4
4922,2
5330,4
24920,3
11940,1
9190,2
3553,0
12162,1
8987,4
13523,1
14658,2
8807,4
9237,2
8359,3
9156,1
25312,2
10915,0
14647,1
2657,1
17065,2
19254,4
9092,4
3048,2
23110,1
5771,0
7812,2
12392,1
26234,1
13666,1
18364,3
7649,0
15028,0
15894,1
4445,0
19166,3
14876,0
17026,4
6305,1
7037,3
3601,3
10355,0
24385,3
8199,4
18533,2
18437,1
16303,1
2505,1
14918,4
14017,1
20348,3
5059,2
5651,1
3416,4
1976,0
23102,1
24513,1
24645,3
8814,2
6713,0
19211,1
21906,1
11022,0
22193,4
19340,1
25186,2
10845,1
16740,3
10434,1
13740,0
450,1
7509,2
25585,0
603,0
10158,1
9926,2
11066,1
14686,0
22433,3
21457,1
21630,4
9445,4
3757,2
17303,2
18110,2
14943,2
13294,0
24036,4
18767,1
16792,4
5898,2
9286,2
19805,2
17078,3
5192,0
21968,4
15437,4
14922,0
5445,2
22294,1
20419,1
19900,1
7349,2
706,2
18325,3
77,0
17651,4
2719,4
26282,1
9268,2
17930,4
6891,0
12473,1
22735,3
14979,4
8867,2
22038,3
1620,0
17631,0
15460,1
23422,3
10611,0
13139,4
256,4
13950,0
21759,4
15472,0
21333,4
10358,2
16924,4
13601,0
2689,4
6006,4
6083,4
12224,4
20357,2
10731,2
19894,4
4182,0
15313,0
9523,4
5581,0
6885,0
731,0
4148,4
10442,1
3187,4
19734,3
15971,2
21788,4
22202,2
130,0
26042,4
5597,4
19010,4
25406,3
17149,1
4934,1
6451,1
4859,4
9383,0
17435,4
14706,1
58,1
2532,1
21316,4
7691,1
4738,1
15897,0
4919,4
1895,4
15112,2
24255,3
12583,3
788,0
18949,4
11729,1
13152,1
18479,3
1568,2
6952,1
20430,1
13259,0
4530,1
23713,3
15332,2
25470,1
19378,1
13296,1
25817,4
7978,1
11049,2
3136,2
8929,2
2848,4
25145,3
16202,2
8265,1
7732,1
971,2
9072,4
26025,2
10833,1
14709,1
7903,4
13354,1
15560,2
22277,3
5634,0
9661,0
2757,0
2517,3
10996,2
23852,3
16367,2
15945,1
14400,1
15955,0
18039,4
25022,3
3892,0
11450,3
25688,2
13038,4
18178,3
10771,3
6149,1
21049,3
21537,3
17443,4
2136,4
23880,1
5384,0
13834,0
4560,1
12207,3
3085,0
22649,4
5300,3
13995,0
18182,2
270,0
11276,0
4622,4
8608,0
9118,2
8261,4
13204,3
12734,4
4271,0
10209,4
14008,1
10356,0
10211,0
14503,1
8951,3
1668,0
2645,0
2490,2
21204,2
22575,1
15092,2
12875,1
21075,3
1856,4
15487,1
8611,0
20720,3
5128,1
17632,2
7768,2
2,2
14654,1
19402,3
17252,2
5058,4
24726,3
24623,3
707,1
7174,1
127,0
16856,2
10780,3
22597,3
23098,3
21167,2
24066,1
9812,0
1521,1
8815,2
9364,0
2035,1
9855,0
16476,0
14763,1
11884,1
25822,0
11348,0
8769,1
1744,4
139,0
7067,2
16658,2
20162,4
10717,4
14402,1
6396,4
22656,3
22242,3
17416,2
4353,2
16926,4
16480,3
21187,2
7297,4
18819,3
13211,3
13854,0
16864,2
17442,3
6479,1
2460,4
25582,2
17197,1
23963,4
1006,4
3842,2
12897,1
7836,1
20818,4
12663,3
20084,4
7723,2
6647,2
21877,3
3357,0
3544,1
10594,1
7392,2
4215,3
17175,2
17802,3
7454,1
2723,0
11995,4
22817,3
20125,3
4971,4
18606,4
17035,2
17904,3
23081,1
21905,1
10290,1
12076,3
16031,2
16487,0
4949,1
11415,1
771,0
10968,0
14396,0
10363,2
5978,0
13803,4
22956,3
4225,0
985,1
24322,3
20321,3
169,0
4858,4
20975,2
8395,1
4621,4
18354,2
17172,4
25348,3
22947,3
11506,2
7416,2
20199,4
1500,0
1425,0
8918,0
21981,3
14087,4
13342,0
2869,0
20973,2
21272,4
20558,4
20901,3
20660,3
7660,3
17321,4
1054,1
17236,4
9235,1
21082,2
17475,4
16345,4
19497,1
15518,0
11885,0
11684,2
13528,0
17698,4
18093,4
6343,2
4415,3
1790,1
24964,2
20701,4
16597,3
9585,2
20776,4
14544,4
10337,1
14466,1
12280,4
23016,4
20105,4
7603,2
18221,2
24591,3
13866,2
14380,4
16107,0
10174,4
15859,3
14870,1
12262,0
3102,1
13791,0
21816,3
468,1
24940,3
8676,1
2623,2
8835,1
21578,3
19,0
8302,0
16614,3
9483,2
26264,0
14004,2
22247,0
15907,1
25377,3
1514,4
1231,3
10904,1
10733,2
14284,3
2138,2
8770,1
24263,3
1406,3
100,4
23994,4
9448,1
11841,4
24115,3
23538,3
10309,4
20713,3
4705,1
8922,4
1193,2
7943,4
635,4
3879,2
10240,2
14676,3
16511,0
16624,2
5575,2
25055,2
8590,0
9541,2
23949,3
8354,1
13712,3
14384,1
22815,3
4409,4
18541,4
7329,1
23659,1
6553,4
10644,4
19726,4
24918,4
12952,4
24534,3
13793,4
12451,3
24514,3
2882,3
1702,2
9889,4
7808,2
5511,4
17373,2
572,4
775,1
20196,4
4473,1
10736,4
10184,3
23706,2
23358,4
26026,4
22523,1
8407,1
211,0
6876,1
16169,3
16257,4
9876,0
21351,3
8569,0
22236,3
2586,0
3263,0
12490,1
19306,4
25463,2
17824,4
5943,0
12842,0
8015,3
15664,1
15785,4
13806,1
14921,3
23459,3
22450,3
4892,2
10909,4
18466,2
129,2
5413,0
13396,3
10381,2
15419,3
6378,0
21301,3
10289,4
1825,1
4980,0
10433,1
8464,2
24860,3
24401,2
970,4
4758,4
17487,2
2853,0
1465,1
15214,0
7548,0
10050,4
9004,1
3742,1
2913,0
8773,4
4998,2
12181,3
5212,1
5049,2
10030,1
17898,3
11343,2
7972,1
15177,1
13910,0
993,0
19188,3
19387,3
11479,4
18585,3
7210,3
12737,2
16732,4
24926,3
16346,0
13730,1
18809,0
1633,4
22840,3
21069,3
5707,2
4179,0
13706,0
23526,3
5109,2
22549,1
4092,2
9633,2
15116,1
1141,1
24852,3
7918,0
25015,1
25880,4
8319,0
13036,3
1830,4
16605,2
17205,4
18635,1
17779,3
14248,3
1359,2
15721,1
23654,3
6617,2
20821,1
834,0
3099,2
1726,2
10528,2
2363,0
23426,1
8163,2
11341,0
15679,0
22669,3
952,0
11614,0
7777,0
7709,4
21614,3
20204,4
10360,4
18889,2
9927,1
19604,3
4440,4
2972,0
2996,4
17831,4
1497,2
12766,0
20478,4
14919,0
24378,2
2405,2
10920,1
20147,4
18188,3
16178,0
12020,0
15148,1
13946,3
1072,1
13132,3
15792,1
3831,2
13026,4
10127,1
15063,3
16039,3
21660,4
9316,3
16727,4
15004,4
7096,3
12792,0
9000,2
8811,3
6433,4
21880,4
5622,0
20392,3
22292,3
8540,4
3714,2
5121,3
6463,3
24217,3
25495,4
23699,3
14059,2
5047,3
15398,0
9912,0
17313,3
1456,2
20516,1
15630,4
8049,0
5760,2
17488,3
21367,2
10604,2
21330,4
25790,1
2546,2
19973,4
18052,3
4342,0
23494,2
8031,4
7825,2
21901,3
24116,3
12762,3
6242,0
20346,3
13848,0
6672,0
20322,3
3682,1
14534,1
1211,2
7369,3
25127,2
11863,1
23243,4
9568,2
18389,4
13408,4
9569,2
22989,2
9211,4
12204,3
3341,4
14947,1
15883,0
17107,0
19592,4
15669,0
16433,4
2038,1
22569,1
12335,4
20066,4
10495,0
6507,2
10400,1
3901,0
6986,0
23673,3
10308,4
15296,0
24982,3
12140,2
20327,3
11968,0
26504,2
7907,0
2497,1
14309,3
2666,1
5843,0
16686,4
15561,0
8243,4
24766,1
18284,4
10169,4
2510,4
13768,0
24218,1
7143,1
4630,4
1578,1
3595,1
18674,4
19565,3
4751,3
1681,0
7594,2
7558,4
6012,2
2280,2
17948,1
2713,4
16072,4
7519,2
6853,1
17931,2
15456,1
24771,3
23481,3
1717,1
5617,1
9710,2
17392,2
17707,2
24148,3
10772,1
21923,3
15593,4
3962,2
7951,2
19529,3
4421,0
24554,3
5747,4
19360,3
16287,4
3093,3
957,1
22060,4
22658,3
18125,2
6730,4
9091,0
5462,0
23562,3
1187,1
18250,2
15137,4
1723,1
14629,0
20917,2
10673,0
12429,2
8759,2
25930,0
80,0
18681,2
13616,0
24171,2
18506,1
5536,3
9950,3
20259,1
26263,1
7995,2
709,1
13249,2
3279,4
2390,0
23641,1
3215,0
16298,4
21018,1
12311,0
1879,1
8920,2
23072,3
10728,0
13491,3
15609,1
16255,0
13083,0
4112,3
23354,1
9338,4
13011,2
18207,3
17750,2
12286,2
14285,1
2827,2
14705,2
6132,1
21224,3
15248,0
15128,3
1632,1
19062,4
15850,4
20106,4
16788,3
16475,0
11109,2
23849,2
12878,0
18260,3
2266,2
6424,0
5888,4
20382,3
1146,1
1877,4
241,0
25556,2
10590,3
6942,0
1420,0
9776,1
22321,1
9895,2
15590,1
10876,1
995,0
20721,3
13475,1
7490,2
12420,0
17788,3
8344,4
18840,1
3657,2
12815,1
12507,0
13107,4
8999,4
9771,2
3948,4
8586,2
5072,4
1583,3
729,0
22148,4
23092,1
18696,1
5701,1
14485,1
3633,0
22629,3
8903,2
16304,4
24362,3
16577,4
10519,4
9798,0
21439,4
17337,4
4808,0
6681,1
8758,0
16807,3
608,4
8843,0
6685,0
15277,2
12579,0
1626,0
11949,3
23658,4
1191,4
4243,3
24954,2
6430,2
8521,0
18330,4
25499,2
14401,0
11790,0
2892,2
23734,3
21242,4
16862,3
13110,0
3641,2
19654,4
23938,3
8326,2
7466,1
15255,3
9497,3
673,0
6097,0
9695,0
24614,3
20207,4
14137,0
26437,3
315,1
10373,2
19445,1
24193,3
11208,4
23480,4
20887,3
1340,4
4626,3
9601,4
15159,1
8660,0
25165,2
14546,1
16758,0
15508,3
21919,2
224,0
6731,1
5959,2
12811,1
10116,2
7032,0
14590,4
24420,3
24460,3
17096,2
11269,0
4334,2
23566,3
19523,3
16453,4
5725,2
23007,4
12104,0
18741,3
3127,2
2630,2
4928,2
23861,3
12683,0
3735,1
14321,1
20784,3
22564,4
5310,3
10326,0
11188,2
22891,4
218,0
1189,1
17486,3
885,2
20621,1
24754,3
10187,2
26185,2
11408,0
5897,1
4773,2
11800,3
412,4
1693,4
25812,2
5880,2
7148,0
9566,1
10814,3
4582,0
25986,1
7956,2
2931,2
25610,0
3356,4
17772,3
2856,3
2320,0
8842,2
7021,1
1749,0
26356,3
6557,0
8124,2
10661,4
4432,4
18170,4
25154,3
7661,2
1909,0
8783,4
23457,3
15729,3
1859,0
15745,0
7826,0
15123,3
2201,1
5519,3
10378,3
10163,4
22220,2
21765,1
13663,2
14493,1
24965,2
22005,3
23536,3
7375,0
4048,2
22230,3
22620,3
11516,1
1132,1
23424,3
10250,4
3292,0
16491,0
18713,3
3870,1
12344,0
26111,2
26068,1
2097,1
10134,2
2103,0
22361,3
5690,0
6930,1
12596,2
25068,1
10567,0
4870,2
2163,2
5345,1
25773,2
20817,2
5091,2
4313,2
2311,1
1892,0
8230,1
5023,1
908,2
15663,3
1580,2
3732,1
14121,2
19334,4
4210,0
2548,1
11734,0
26259,1
13532,1
4255,1
1216,1
2750,0
13833,0
17910,4
2962,2
21016,2
13594,4
3293,2
20371,2
4385,1
3461,4
14748,0
448,0
22057,4
5378,3
25477,2
2670,2
23901,3
19300,3
9257,4
23539,2
8497,1
18749,4
26094,4
10204,0
17867,3
18094,2
24552,1
16159,2
7510,1
4443,4
12267,0
5036,2
4275,2
21482,3
23819,1
13171,2
24671,3
11198,0
2552,4
1294,1
22615,1
7202,0
13489,2
578,4
5234,2
9309,4
21562,3
2890,0
3763,0
13543,0
10233,0
4938,2
24643,1
16007,2
17161,1
11993,3
14182,1
2075,4
8690,4
5046,4
2257,3
12499,0
22945,3
17799,4
7019,1
10569,4
25711,2
12221,4
11151,4
21595,4
21724,3
1129,2
25393,2
4400,0
11480,3
9974,0
10683,2
16859,4
20198,3
10133,0
11828,2
2874,0
16894,3
5079,2
680,2
11084,3
10886,2
1925,0
21709,4
12699,0
6568,1
2062,0
14454,4
24921,3
8240,4
6721,1
607,0
16704,4
22760,2
17200,0
25049,3
284,1
23009,3
226,0
23229,2
4700,1
22428,2
13486,4
2251,1
1397,1
22763,4
12474,1
19620,4
21389,3
11307,1
15932,4
11686,0
2186,0
12841,4
11337,2
9492,0
5229,4
15698,4
6992,3
9846,4
10983,0
5258,4
24520,4
6193,4
25365,2
5625,0
2709,2
3009,0
14727,1
6756,1
23838,3
11366,4
1106,1
5610,3
10623,4
12632,2
11238,1
19122,1
23594,2
6687,2
25893,1
25108,2
17322,4
22884,3
11385,3
7062,1
23969,1
4945,2
22283,3
2535,0
6291,1
7680,4
21392,2
20747,4
11657,2
19158,3
24685,3
8151,0
8221,1
15447,4
12550,3
7387,2
4611,3
7462,3
5454,4
12949,2
1463,4
22869,3
13331,3
15361,0
15746,4
10252,4
15040,4
24658,1
15238,4
20324,1
21419,4
1292,0
3673,2
21088,1
11203,0
20714,3
14352,2
10064,2
22612,4
25799,1
12705,1
24387,3
20774,3
22578,3
25026,1
20669,1
20254,4
3343,3
15409,1
19076,3
20414,2
15260,2
22646,2
3004,1
6712,0
2875,1
26132,3
19453,1
6142,2
26250,1
25047,3
1448,2
10100,4
12529,4
12633,0
25355,2
15827,4
15871,1
4484,2
14861,2
7340,3
2269,2
4817,2
7382,2
19515,3
16085,3
947,2
9324,2
12884,2
12458,0
10201,3
15728,1
13377,2
11735,2
21685,1
9744,3
4376,1
15470,4
11941,2
3915,2
23821,2
23918,1
21124,4
466,2
8764,0
16691,4
19671,3
21649,3
22825,2
6450,0
172,0
6612,1
9794,1
14557,1
5122,2
2205,2
22966,3
25292,2
23531,3
21450,4
23899,3
17075,3
13366,0
13844,1
8273,0
21693,4
9292,1
1467,0
8342,2
16558,2
10346,0
22711,1
261,2
18347,2
22447,3
915,2
26361,3
11021,0
16462,4
7327,2
6753,1
17214,4
14116,2
22931,4
19240,1
597,1
8583,2
1917,4
12567,2
1353,0
9165,0
16668,1
26434,3
16455,3
14618,4
6407,2
22140,2
22679,3
14746,0
6197,1
1265,0
11439,0
18428,3
17645,4
14687,0
26453,1
13599,1
20809,4
21605,3
1605,1
10885,3
19941,3
21735,2
645,2
5579,0
5012,2
22269,1
10231,0
11811,0
2478,2
1970,2
21447,1
18391,3
20554,3
7456,0
25890,0
5151,0
13577,4
595,2
12825,0
12840,1
5765,1
2180,1
16720,4
20388,3
4692,4
12430,0
4251,2
23583,2
15835,0
3506,2
8704,0
13015,0
786,1
11825,3
17854,3
23472,2
12612,4
18586,4
6936,2
5570,4
5632,0
24527,1
8111,0
15500,2
101,2
15022,1
19191,3
1234,0
983,2
10778,2
18691,4
20479,3
23050,3
23991,3
12481,3
10897,1
6087,4
11475,1
6349,2
23322,3
10059,2
14385,0
11055,2
15956,4
23320,4
24191,3
18542,4
12291,2
8024,1
10098,3
5373,2
7025,3
8016,4
7517,2
24134,3
18867,3
52,1
25023,3
13986,2
20986,3
2228,4
5837,1
12251,0
13395,0
6532,3
6539,1
16340,1
13497,1
812,4
12167,2
16435,1
25505,2
2290,2
8300,0
7057,2
6074,4
1780,1
9375,3
14519,1
15127,1
22958,1
1227,2
24109,2
25634,2
3058,0
25124,3
19526,2
9840,1
14258,3
3639,3
24341,3
14480,2
16650,2
17600,4
21775,4
5054,1
20838,3
25241,3
26120,1
9305,2
3060,2
13281,0
4828,2
12246,1
234,1
15714,4
3559,2
17701,0
10668,0
16004,1
8740,4
10179,2
25132,3
2191,0
24366,3
25945,0
5265,2
205,0
23327,3
15761,3
20331,3
11598,3
20505,2
8313,0
1714,2
15766,2
17248,3
638,4
11065,0
6641,4
22328,3
5050,4
1685,0
10575,1
18910,3
12973,1
26262,1
18568,4
2402,1
4806,4
7731,4
15562,2
7719,1
18148,3
19094,3
7884,0
20897,4
25866,1
14877,1
14359,0
8269,0
5447,0
8223,0
16565,3
4863,4
15916,0
10122,0
12995,0
22476,3
3176,2
11612,0
5628,2
26429,4
15328,0
17770,4
1963,2
1144,2
18050,4
2686,4
15146,1
22221,3
18386,4
12522,1
15529,1
9507,1
11683,4
18350,0
9517,0
7372,4
18689,4
3237,4
25016,3
19637,4
2066,4
16880,0
6964,3
10328,3
11537,0
20607,4
21540,4
5174,1
23992,4
7690,4
16278,3
12843,0
13105,0
7474,4
6759,4
15617,1
11724,1
17852,2
14780,1
2334,2
5614,0
25244,2
4608,0
12151,0
5163,0
14001,1
6388,0
5008,0
13762,3
24106,3
9648,0
11059,2
11087,4
9830,4
1949,0
2178,4
4204,3
9243,0
6218,0
22349,3
4464,2
2867,2
1345,3
2980,1
525,2
4435,0
9934,2
25322,3
8028,1
18281,1
2114,2
6505,2
6653,1
8044,4
21369,2
1637,2
23854,1
3919,2
11700,2
8080,3
2282,0
6745,0
24169,2
13240,0
109,2
9882,4
2308,1
7356,4
642,2
1760,2
23775,2
8572,4
24915,2
19684,3
2834,1
2404,0
17820,1
12978,1
13816,0
11466,1
25390,0
23103,3
15780,0
17964,3
23307,2
4660,4
1820,2
22908,3
14256,4
24968,3
7310,4
22912,4
9093,0
6049,4
23561,4
20666,1
16842,4
5084,4
1017,1
4937,1
11266,0
23510,3
18467,4
2434,0
5119,1
23509,1
13639,0
25121,3
21183,3
11846,0
4818,2
13964,0
12178,1
2896,4
21147,1
20726,4
25524,2
19238,3
9192,0
3148,1
4108,1
4084,0
11667,2
12103,0
924,0
13642,1
6252,4
13055,1
14214,0
12393,0
23514,3
9152,4
6775,3
13659,1
831,2
20765,3
4827,2
25637,2
9639,0
24376,2
2915,3
9597,1
11622,0
5917,1
3989,4
21541,3
9890,2
2804,4
11539,1
13432,1
4524,2
16228,2
11597,0
6781,2
15380,4
17982,3
15187,1
12362,4
6228,0
22574,3
12728,0
8528,0
8534,0
15125,4
9968,2
5437,4
7921,2
19291,3
11523,0
9843,2
8445,0
10794,1
18143,1
5252,0
10808,4
17816,4
17186,4
12431,0
14492,4
6435,2
8316,0
13198,0
3323,4
19731,2
13088,0
4021,1
14057,4
10599,0
22466,4
19167,2
11323,4
1437,0
10645,1
13827,2
12485,4
5824,4
10459,4
11511,3
23149,1
8605,0
15720,1
4045,1
13235,4
15496,1
4785,2
19516,3
18041,1
26157,1
11146,1
4566,4
12072,1
22302,1
5007,2
13153,2
864,4
24629,2
22634,4
485,0
2861,1
6822,4
16399,1
23836,3
11917,1
8800,4
19328,1
7881,0
9220,4
21571,4
13819,2
25929,1
10020,3
4003,4
4935,0
24345,3
17572,2
675,1
12135,2
12985,0
20489,3
13925,1
713,1
5253,3
5194,1
23352,1
9814,1
20212,3
9143,1
26289,2
3344,3
25160,3
12761,0
9481,3
25193,3
9297,2
24780,3
8004,0
8133,2
25316,1
313,0
9057,1
24609,3
5602,2
15101,4
19681,1
4804,2
22650,2
24879,1
25874,2
1501,0
22118,3
301,1
828,0
14701,1
447,3
20255,3
2489,2
550,0
13983,0
437,0
12959,0
3086,0
11780,0
9725,2
18609,2
8379,1
106,2
14936,0
17865,3
13684,1
3365,2
3304,2
7828,0
6762,0
531,0
12324,0
17355,3
15517,1
1368,0
7936,2
23961,3
25976,1
9753,1
9759,4
3957,1
25275,3
23644,3
12084,4
23191,3
6302,2
24865,2
10626,1
25501,2
17005,0
12551,1
14575,0
10321,4
24453,2
16160,3
4574,0
5758,4
23270,2
4986,2
4485,3
2837,2
5706,0
4369,2
288,0
13133,0
24803,3
5294,2
2727,1
20238,3
5285,0
8167,1
1364,2
16649,3
1510,4
21706,1
10457,1
14858,1
20700,3
17335,4
15624,2
11100,3
21117,3
24483,3
1489,2
8192,1
81,0
24871,4
8834,0
163,2
3066,0
16701,2
2928,2
23281,3
1418,1
22603,3
8255,0
6661,2
5372,4
7077,1
20664,3
6217,4
13381,2
23527,2
7942,2
23738,4
401,1
22809,1
2593,2
4843,3
1245,1
18915,4
19683,3
14670,2
5882,2
10556,3
20279,3
8423,3
18085,2
21739,1
4748,4
16739,2
21145,4
12452,0
16532,4
3138,0
10811,1
21553,3
18379,4
21723,3
24905,2
15635,0
6937,3
25170,3
22454,3
19131,4
18056,4
23759,1
9319,1
21751,4
7861,0
10464,1
19685,2
3665,4
6177,1
2979,2
5370,1
20337,1
6369,0
18471,1
2701,1
13407,0
20073,2
3961,1
10026,1
5901,1
14708,0
8190,2
23515,1
26013,4
16097,2
21257,1
12772,2
15009,0
5035,1
22500,2
14126,0
1197,1
24298,3
4240,4
21973,4
10268,1
24607,3
5422,1
15392,2
10953,0
25845,0
14077,0
10210,2
22922,3
4466,1
16305,1
18756,4
7339,2
14560,0
16982,1
15121,4
18661,2
18314,3
21181,4
1944,0
6732,0
20927,2
17760,3
15575,4
11040,1
23763,3
3428,3
2513,1
1313,2
23430,3
12183,1
14237,2
14821,1
8104,0
11817,4
25431,4
12277,4
1594,4
25894,1
9637,0
5892,4
23511,3
10357,2
6812,4
700,1
15330,4
13116,0
1008,1
21207,3
11241,4
25696,1
12950,3
19608,4
3530,0
2805,4
519,3
4125,0
16521,1
21542,4
10767,3
1639,2
16301,4
4390,1
4794,4
16122,2
25153,2
1644,1
17661,2
5842,4
14906,0
64,2
9773,4
20712,3
17155,3
14436,1
17999,4
9438,2
16190,0
48,0
3163,1
12892,1
6934,2
3103,1
4549,1
9869,4
15452,2
23188,4
18904,1
14528,4
5295,1
6635,2
22460,4
14270,0
16533,4
4610,0
6799,1
373,4
681,0
25508,3
4410,2
17136,3
10341,1
1996,1
5185,4
20902,4
16437,2
10942,2
23888,3
21489,4
14294,0
19826,3
14894,0
25961,3
22627,4
20404,3
2636,1
20364,2
4447,3
18261,1
7449,4
10672,0
17129,3
13590,0
4382,3
5342,2
9910,1
19404,3
19262,3
966,0
19844,3
13473,0
4241,1
3411,4
134,0
13778,0
16361,4
8276,4
13246,3
17877,3
21834,3
7704,0
1111,0
3932,1
13527,2
513,2
11739,0
10650,1
21638,3
21520,3
21590,3
2524,2
15614,1
12201,3
12755,2
12942,1
2190,2
11912,1
6136,0
14444,4
17418,3
25538,1
15615,3
10154,1
1920,1
11116,3
22117,4
26276,1
6578,1
5731,2
12659,1
20153,4
2176,1
1624,2
19272,1
24722,3
9084,1
10769,1
3222,0
25572,4
18972,3
882,0
10298,0
2994,4
8320,1
10087,4
19031,4
6714,2
11490,0
11448,0
21627,1
3695,0
18550,2
8350,0
15549,3
16148,3
1821,0
10402,3
11712,0
16821,4
23329,4
26480,1
4960,2
10862,0
25690,2
23942,3
19593,1
3002,3
5260,0
25625,4
3582,1
277,4
2999,1
24586,4
2169,0
10011,0
21299,4
6468,2
1462,1
481,0
9124,1
552,3
16281,2
3047,2
6506,2
23001,0
2835,2
1974,1
14762,2
23071,3
13239,0
10565,0
396,2
14554,4
3943,2
8331,1
14003,2
430,2
8957,0
4472,1
11621,2
12124,0
10242,1
11860,4
18642,4
15737,1
23790,1
24989,2
6725,0
434,0
13079,0
15441,0
18627,3
15683,0
25461,0
791,0
16472,0
23597,3
2445,0
26229,4
5596,2
18824,3
26102,0
6313,3
6565,4
16168,1
5363,3
20234,2
8202,2
10627,2
9094,3
20957,4
14783,1
9201,2
12896,1
13452,4
17103,1
12229,0
10838,2
7584,1
10399,0
1371,0
4441,2
15016,3
15962,4
19194,4
18186,4
7975,2
11288,4
10543,0
19136,2
3801,4
6303,4
1004,2
9195,0
5112,4
7425,0
24078,4
4501,0
17084,0
6926,2
18870,3
3123,0
18336,4
22145,4
25492,0
3590,3
22152,4
4689,4
11773,0
23844,2
3971,4
16442,2
21037,4
13569,1
14807,0
16444,4
9963,2
24172,3
6413,4
22061,4
18625,4
6364,2
12989,3
7319,1
21568,3
15789,2
5669,4
19249,4
24715,4
7570,1
2565,1
16628,4
23174,4
17108,3
11922,0
7870,4
20661,3
3482,1
2017,0
90,2
15420,1
17517,4
17146,3
16547,1
18211,1
2602,4
15366,2
15718,1
23193,3
1538,2
7398,2
4300,4
11303,0
16811,1
14956,1
6989,0
303,2
23843,3
600,1
18190,3
11362,2
21048,4
11355,2
15115,4
7434,2
25752,2
1446,3
7145,0
9409,3
12655,1
2204,4
12963,4
6390,0
24526,3
24247,3
17423,2
11460,3
950,4
16496,2
7107,1
6709,2
9058,3
14018,0
12147,0
21996,3
24869,4
20305,4
15065,0
6335,4
7156,4
16230,0
116,4
4122,1
25776,0
1773,4
6987,3
8830,0
11876,3
23716,3
5129,1
25081,2
6394,1
3860,1
13507,4
1577,2
14203,4
13860,0
16279,2
14360,2
135,0
1838,4
15906,1
14971,2
5820,0
9649,2
21256,2
10923,2
1763,3
212,2
15308,3
11615,4
1844,2
19488,3
470,4
25827,0
10892,1
62,0
96,0
20435,1
6273,2
13710,0
9390,0
8917,0
1567,0
347,4
19882,1
18638,1
13905,1
14520,1
12785,4
5305,2
25324,3
219,2
917,0
8172,1
8790,3
11378,3
19885,2
16319,2
23560,3
3165,2
13754,0
14172,1
14045,1
25426,2
20297,3
25262,3
66,2
7261,2
7713,2
13743,0
15033,1
6181,0
9767,0
24256,2
4627,4
20126,4
16335,4
1351,1
5942,2
20877,3
11916,4
3393,1
8343,0
25641,4
13118,0
17378,4
19251,4
13292,1
4764,0
4287,4
23360,4
13884,1
13064,1
24383,2
1466,0
19371,3
12969,2
2693,2
2397,4
12339,4
9828,0
19154,3
11464,3
26236,2
21883,3
21736,1
4515,4
8939,4
18510,3
13672,2
5319,1
4824,1
5025,4
1236,4
5155,2
1206,0
4517,1
14946,4
5538,0
24226,3
121,1
2120,3
7260,3
1683,2
2606,2
21159,1
14904,0
13674,0
1766,4
4631,4
15788,0
17363,4
17954,4
18222,2
21076,2
438,0
17526,3
2000,1
6214,3
15797,3
768,2
6673,4
5830,2
15226,0
14259,3
8535,0
9157,4
17796,4
500,0
962,1
21556,3
12750,0
4590,1
14233,3
22343,4
19856,4
7115,1
23136,3
17806,4
6780,0
13378,1
2900,1
22064,3
21404,3
13433,1
18573,3
18895,3
14418,0
535,1
6581,0
20622,4
14902,0
5670,4
8587,1
4558,3
5105,2
12987,2
5505,1
9336,1
22907,2
14428,1
1791,2
23549,3
12484,3
5120,4
18873,3
10839,4
16389,4
11738,2
16371,2
296,2
19737,2
25487,1
8324,3
17018,3
19740,4
22346,2
25599,4
18722,3
17513,0
1596,1
14937,2
22401,2
18502,3
25919,1
13708,1
15371,4
24541,2
9425,2
6773,0
12858,2
4671,0
21757,3
9578,2
24810,3
11102,2
1112,0
7262,0
2283,2
6292,4
13103,1
8107,3
1320,2
9674,2
15314,0
13973,4
20767,3
11731,2
15656,4
18794,2
1582,0
21364,1
9505,1
22033,4
1029,0
10986,0
2250,2
20550,4
17384,3
9381,1
12293,4
7721,2
7518,2
188,0
7814,2
6222,0
20458,1
16155,2
2037,3
19486,1
18672,3
10525,1
20269,4
20320,3
16812,0
16156,4
19682,1
19754,3
2370,0
11035,4
8627,2
5577,2
9133,0
8930,4
8778,1
2803,2
12703,3
16492,4
5485,4
3145,0
9872,4
15775,4
21119,1
2167,4
8988,4
18893,4
4460,1
7805,3
1343,1
16187,2
7165,1
18914,2
3927,0
4845,0
25460,0
3476,2
10455,2
19090,1
4022,0
854,1
20503,3
12880,3
20794,3
6585,4
8039,1
19597,3
7357,1
6786,1
8092,4
207,1
18067,4
26118,3
10779,0
7101,0
17955,1
7967,2
21089,3
3864,1
2356,4
11396,1
19152,2
8328,0
16913,0
6572,2
17763,4
26510,3
2400,0
4719,1
12122,1
6898,4
15157,0
7771,1
24571,3
7591,0
20954,3
17544,2
14499,0
15692,0
14941,0
19033,2
18216,3
25591,2
1154,0
4632,4
15066,3
14392,4
12718,0
7250,3
3319,3
17316,2
3400,2
4203,1
1002,1
25623,2
7867,1
10889,4
8315,0
12794,2
10868,2
18198,4
694,2
10144,0
20328,4
20244,3
233,0
8145,2
3468,4
11092,0
3687,0
11110,0
3174,2
16117,4
2575,4
13340,0
5002,1
17880,3
17130,2
17971,1
12238,1
22226,4
16726,2
11855,0
24651,3
10416,2
25685,0
2878,4
5851,2
20247,3
14015,0
1499,1
23223,1
11128,2
9657,1
1033,4
13686,0
7632,4
16038,3
13785,4
11719,1
20695,3
24136,4
14160,0
6267,4
5272,1
12432,0
22888,4
24204,2
2551,3
15044,0
4511,0
20041,3
21209,3
14872,1
7776,0
2951,3
22668,4
25158,3
7153,3
2697,1
22075,4
319,2
24826,2
14994,0
13176,0
9909,1
19816,3
23420,2
4904,4
7557,2
21970,3
14424,0
24400,1
18381,4
7205,1
9087,4
15070,1
2002,1
21201,4
3659,2
24253,3
13752,0
25191,3
5819,1
2483,2
5089,3
7784,0
23123,3
24060,3
89,1
9959,0
24861,3
3794,2
1110,1
5288,4
192,2
1415,1
19219,3
14813,0
1331,0
12155,1
22725,3
21895,3
23517,1
13729,1
278,0
6104,3
6355,2
181,1
1797,0
17977,1
2189,4
5225,1
22710,4
3526,0
13323,0
10941,4
16638,3
6909,2
14810,3
9567,3
767,4
5552,4
13787,1
11452,0
5034,2
740,0
10874,1
19961,4
14317,0
10186,1
23642,3
5627,2
13257,0
2386,0
12767,3
20823,3
21407,3
19369,4
17181,2
14784,1
217,4
8394,2
21781,3
16449,4
9896,2
9588,2
8050,1
8845,1
15467,3
1739,1
4972,2
12220,4
6995,1
11477,3
1306,4
14601,0
3167,1
21957,3
18610,4
23049,3
7910,1
1657,0
25268,3
14603,1
21455,3
21341,3
536,0
18530,2
25560,0
374,4
11126,0
23785,4
14659,1
24353,3
5789,4
20702,3
13575,0
14477,4
407,1
8667,4
19911,2
3600,1
23113,3
14532,4
18277,4
17805,4
12407,0
8978,1
2683,0
10007,1
24649,3
12611,2
45,1
8012,0
2181,1
8161,3
19014,1
9576,2
9038,0
318,0
2341,0
24763,3
691,0
5102,4
25600,0
22547,3
11527,0
24055,1
2974,4
20294,2
705,0
2004,1
13421,1
10871,0
24850,2
16011,2
5478,1
25207,3
17128,4
5044,2
12401,2
3674,4
5647,2
811,4
15124,1
8476,3
25561,2
9126,1
24070,4
15722,2
15880,2
12631,0
1356,3
24019,3
14770,3
8284,1
3955,0
18116,4
14361,0
18264,4
21269,3
1789,4
1969,2
2339,2
1875,1
336,2
24938,3
17241,3
18939,3
13216,1
14712,1
3772,2
20531,2
22749,1
2378,0
3581,0
26086,0
4741,0
24779,2
9781,0
19172,2
23418,1
25609,0
14895,1
13945,0
13330,0
23252,2
6004,2
11789,0
18226,3
22461,4
2020,2
24438,1
21988,2
24413,3
16903,4
17789,4
6610,4
8256,4
11398,0
7610,1
23138,3
16744,0
11899,2
10136,1
25210,3
23066,4
22204,2
6179,2
11440,1
15490,4
1754,4
614,2
17861,3
11380,4
22112,3
16890,1
8030,4
8503,2
8179,0
15911,0
15021,1
25175,2
8940,2
1410,0
20218,2
18220,3
10928,1
17231,2
11495,2
24937,2
850,4
14128,0
16826,2
8085,1
19054,3
19457,4
10478,0
2739,1
16175,1
8732,4
9700,2
3910,4
5870,2
12208,0
19084,1
6180,2
3389,0
8577,1
9111,0
14369,4
914,1
11070,4
1298,0
13461,0
20555,3
8377,1
14462,2
25483,2
7864,4
4891,4
4414,2
2770,2
18754,4
5828,2
24466,1
21393,3
21039,3
19270,2
15064,1
2858,4
15476,3
9564,0
15412,1
22227,3
17358,1
12646,1
15481,2
676,0
3316,4
2071,2
9086,0
6630,1
3369,4
13092,2
4599,2
4106,1
13633,4
21410,3
4205,1
24299,2
21451,1
15536,0
8217,1
19021,4
20751,4
22381,4
1179,0
7711,2
20033,3
12891,0
17951,3
25314,3
18007,4
15060,1
9998,1
17042,4
26473,1
21165,3
1142,1
1734,4
11067,0
17159,3
432,0
8753,3
3616,4
14253,4
14517,2
15741,0
20018,4
16834,4
3548,3
294,2
12067,1
10017,0
11482,3
17508,4
15891,0
23328,4
5290,2
16687,2
6446,1
10036,1
5323,1
11326,4
25915,4
10632,2
8409,2
14938,4
26400,1
23588,0
8570,2
20870,3
22310,4
8484,2
7360,2
13542,0
5996,0
7626,0
20487,3
22761,1
22654,3
13218,0
12005,4
10700,0
22915,4
6473,4
17834,1
20758,3
17446,4
8600,0
10669,0
5856,2
24450,3
13638,3
22697,2
245,1
25267,3
13270,1
10636,3
9048,0
12904,1
4696,0
8956,2
1190,4
746,0
3154,1
11473,2
11336,2
11531,0
5219,4
12672,4
18384,2
20403,3
23093,3
11643,1
12275,1
20833,3
25035,3
3371,4
14149,4
2461,1
5927,1
12173,1
4518,1
12615,0
14866,0
11596,0
5964,1
15652,3
4752,0
19830,1
8921,1
18844,3
16194,0
2648,2
18944,1
388,0
12758,0
9699,1
17208,3
25443,2
8222,4
11793,1
7627,2
8646,2
5490,4
4497,3
10335,4
20815,3
14339,2
8730,2
6804,4
11705,1
13603,3
16137,2
439,2
23580,2
3681,1
24749,3
14420,1
3432,1
17038,1
23524,3
14599,2
15668,3
17131,4
7526,4
22887,3
12375,4
13462,0
13398,1
23169,3
14110,4
478,2
14068,3
18810,1
11610,0
21469,3
5045,1
21916,4
23543,4
12763,1
6554,1
24563,2
24360,4
9957,0
9028,0
9035,4
15386,1
21610,4
6071,0
8135,0
24844,2
7952,2
26096,3
22536,3
7894,1
24568,2
502,0
20116,4
15913,4
998,4
16773,2
23503,3
10177,0
16922,4
20286,3
21815,1
702,2
10454,1
10153,1
24145,2
13173,1
14277,3
21538,4
16090,1
541,4
26389,3
2033,0
19049,4
24778,3
11958,0
16673,3
15167,2
25652,2
8894,1
8829,2
22194,3
9012,4
4469,1
20488,4
18209,4
4365,1
20239,3
13609,0
11513,3
14831,0
3030,2
10414,0
21950,2
6155,2
7898,0
13121,0
6477,3
21305,3
2516,0
12690,0
5981,2
20617,3
25982,1
15849,3
7473,1
12790,4
19510,3
25766,2
18425,3
12315,4
1332,4
2105,0
4679,3
9919,4
11111,1
9178,1
20441,0
25182,2
2150,4
10081,2
18495,3
25432,0
25889,1
14154,1
13357,0
1262,1
8818,0
7968,1
26028,1
14889,1
14307,1
15564,0
1985,2
7465,2
10305,1
8969,2
17970,4
5497,1
6449,1
21975,4
15013,1
14849,1
23439,3
5531,1
17978,2
247,2
10566,0
3149,1
18404,2
13206,0
24499,3
11882,0
17920,2
2763,4
1531,1
5803,1
15417,4
6268,1
14081,2
21589,3
24206,3
15047,2
19398,3
2578,4
724,0
12328,0
18240,1
15288,0
8002,0
15774,2
18396,2
11691,4
22255,3
15709,1
4449,4
20989,3
4946,0
19074,3
16930,2
19320,3
19105,4
26145,1
12054,4
13301,3
2277,2
6025,2
12467,0
18202,3
23761,3
12257,3
17426,3
25361,3
6715,4
11812,0
11484,2
10612,1
25284,3
10513,4
10003,0
9764,1
24150,2
13592,2
17277,4
17432,2
16191,3
1269,1
22111,1
19951,3
7744,4
24104,3
23575,3
17817,3
11620,1
22541,3
8719,4
1188,0
4678,2
20756,1
10420,0
291,1
16261,4
2467,2
25785,2
3960,2
13651,0
4004,2
16047,3
8705,4
14164,0
18719,2
18481,2
869,0
4963,2
22941,4
25577,1
6824,4
22515,3
3727,4
8795,2
1835,2
690,2
630,0
51,2
15152,1
11071,2
17783,2
7237,2
12198,3
9355,0
16863,2
24987,2
20882,3
15007,3
15062,3
8037,4
6158,1
733,2
1522,3
17612,4
2660,4
24369,2
19983,4
2484,0
6381,1
17562,2
18658,2
14198,3
22692,2
19598,3
19168,3
1159,0
899,3
10908,1
19991,2
24335,4
23471,3
22982,3
18629,4
15567,2
11547,1
13711,3
11025,1
4866,3
16871,2
20088,3
17352,3
15492,4
18341,1
22296,3
1115,2
13595,1
6573,0
3690,4
15488,3
10311,4
17500,3
14461,0
19817,3
7985,2
7560,4
20740,2
11358,4
20309,3
18504,3
528,0
8429,0
549,3
1492,2
11931,1
6264,1
8628,4
4665,0
1572,0
20753,3
19326,2
24346,3
9170,0
22074,2
26081,1
23268,4
21324,2
17972,4
6658,0
355,4
9294,4
757,2
9033,2
26233,1
4290,1
7735,4
10842,0
20300,3
13770,2
13305,0
2520,1
269,4
14792,3
736,1
14381,1
19821,4
5619,0
4480,1
8661,1
1458,0
3040,2
20620,3
13052,0
7796,0
3157,0
24622,3
5397,2
4057,1
10687,0
15772,0
6629,2
8140,1
43,2
14689,1
7800,0
3301,2
1609,0
20562,4
15475,1
8195,0
16434,1
8237,2
25861,2
1308,2
24807,3
8052,0
3914,2
1066,0
10446,1
8259,3
16803,3
662,0
11456,0
9151,0
9655,1
21569,1
16603,4
22207,4
25539,1
3345,0
21856,3
4680,3
5750,4
16249,0
427,0
649,0
12613,1
16707,2
21213,3
23470,3
10096,2
5838,2
14901,0
18081,3
7094,0
418,0
23331,0
25177,2
10089,0
15347,1
15414,0
4288,1
26405,3
7272,2
19041,2
25803,1
14968,0
24252,3
22533,2
19778,3
8821,2
18574,3
5561,4
1143,2
9735,0
8525,0
3125,4
14286,1
22593,2
20187,4
11245,2
1322,1
20109,3
22190,4
9620,2
2083,2
20095,1
16234,2
25071,3
1881,1
26287,1
1152,1
16828,2
4164,1
14566,3
22438,4
1120,1
5383,4
21401,1
18859,4
16219,4
7189,1
5878,2
16724,3
16391,4
10625,0
6402,0
24334,2
12388,0
15758,3
15375,0
14357,1
4674,4
6331,2
15000,0
1270,0
8877,2
19055,3
1480,2
1444,3
6048,4
13944,1
15097,2
12361,0
12668,1
17,0
5794,1
23303,3
9769,0
25944,1
16981,1
12496,2
1812,4
24639,3
5051,4
13012,0
196,2
15896,2
46,0
11259,0
17070,3
10093,4
6965,2
15910,0
11032,0
2088,0
6062,4
3941,0
10721,3
18540,1
6275,2
23104,4
23412,2
6318,4
15264,1
20314,1
7048,3
8317,2
16879,1
13749,0
2901,2
2831,1
13622,1
18813,1
3146,3
6070,0
21563,1
14331,4
23382,4
4683,3
24286,1
2032,0
25123,1
2487,0
9025,0
9666,4
5026,0
23839,4
1274,2
712,2
13229,1
25114,3
25398,0
10552,0
1829,1
9610,2
1138,0
23324,3
4152,0
20233,4
78,2
23099,4
12,2
7764,0
5767,2
11264,0
22168,4
21583,4
20315,4
13402,4
11121,0
12487,1
20363,3
7878,0
19567,3
1817,4
15642,3
7485,1
13463,2
16321,4
1768,1
12258,0
6821,0
3151,1
19878,4
16290,3
11315,2
2781,4
9386,0
21564,3
21613,4
23146,1
14452,1
26173,0
628,2
1070,0
21219,3
19755,4
9509,1
10152,0
18129,4
4491,4
16479,4
7221,2
12694,0
23029,4
19965,4
19944,1
15390,2
4142,1
1315,3
16037,4
5098,3
9617,4
21311,4
12199,0
599,0
13865,3
12759,1
14796,4
10691,0
23674,1
8836,3
21920,3
15688,3
13189,0
13119,4
15638,4
7893,2
15171,0
6862,2
7049,0
23682,3
1670,0
9334,0
12688,0
20273,2
973,1
13902,0
22157,3
22846,3
10714,3
26391,2
1163,4
11838,2
11431,0
20004,3
15866,2
11504,0
23129,3
3965,2
23442,3
1086,4
9215,4
17410,2
20223,3
19307,4
24079,3
15275,0
15280,4
1543,0
3003,4
21787,3
15700,0
11285,1
14518,1
12398,0
12110,2
3246,1
4668,0
12066,0
18882,3
1200,0
13831,0
199,1
389,1
19791,3
21697,3
12599,2
26373,4
2219,1
15572,3
23337,3
23993,3
11261,3
25323,3
15372,1
23410,2
11076,2
26322,0
9139,0
26093,3
7729,3
17452,2
2210,1
16882,4
397,3
7246,0
12215,0
12577,1
15754,4
22932,3
22765,3
8389,4
18753,2
25612,4
3289,0
22053,3
18740,2
14873,1
21846,4
25183,3
7724,2
23476,3
24523,3
19957,3
23175,3
10596,1
13503,2
10515,2
23204,4
2319,0
4059,0
316,0
20705,4
16806,4
7722,0
7549,3
7909,2
8619,2
13838,3
25110,3
4537,2
15585,0
13197,4
11555,0
9624,0
2748,1
17771,3
1597,4
17053,3
17998,4
2287,2
19359,4
14609,1
11053,4
23015,4
2935,3
3295,0
15616,0
15524,1
13483,3
5159,4
24292,2
14775,0
21326,3
4411,4
3514,0
20285,2
7450,2
10710,0
3521,1
18695,4
21832,2
9632,0
16589,3
1561,0
13170,0
21913,2
7847,2
13042,4
2233,2
21334,3
22755,1
18152,3
15550,3
2572,2
15349,3
11895,1
15183,3
22640,3
13911,0
24725,3
1840,0
4740,2
2398,0
2859,4
24173,2
23053,3
7537,0
6609,0
21819,2
24898,3
4534,0
3649,4
24704,3
3746,4
23159,2
21227,3
16919,3
17029,4
12435,0
19551,4
24432,2
21762,3
24399,1
25237,3
2407,2
2253,1
10751,4
9975,4
5043,2
21343,4
8097,0
8737,0
856,0
7965,0
13060,1
19111,4
14735,3
18705,3
18490,4
1428,0
2046,0
25535,1
19304,1
24572,2
5652,2
26195,1
9232,2
16377,2
8082,2
6815,0
20280,4
12745,4
1453,4
5145,1
14465,3
22570,2
4673,1
12719,0
10494,1
26124,0
25440,0
22837,3
684,1
4663,0
2956,0
21102,3
11427,4
25824,4
16837,3
11545,2
6066,4
4333,0
24132,3
16805,3
8026,4
10765,3
20894,1
2772,2
3605,0
5914,3
7424,0
4028,4
1239,2
1498,1
9988,2
25024,1
8635,0
25315,3
177,0
8272,0
13325,2
10720,0
7113,1
23868,4
15623,3
22036,3
19499,3
20405,3
15119,0
23195,1
14268,3
5183,4
6002,0
19626,3
1445,2
14257,3
24374,3
4913,1
15553,4
15474,4
4018,1
3973,2
22147,4
22256,4
8488,2
8669,1
3402,1
24372,3
10729,0
21635,2
6139,0
15974,3
17353,2
8728,3
1461,1
7816,4
26069,1
22055,3
17036,2
24635,3
7315,4
22043,4
20948,1
1257,3
5864,2
22395,3
4165,2
12116,4
17374,4
13457,4
17402,1
8994,1
24619,1
22826,3
13750,4
1212,2
20494,3
24960,3
24311,2
1327,2
10284,0
44,3
15338,1
1069,4
10997,1
7120,4
144,1
22373,3
9253,4
2165,3
26410,1
25459,0
5064,0
25674,0
221,0
17557,1
14581,3
1533,4
17782,2
13241,1
11880,0
7347,1
21176,3
15342,1
25111,1
6525,3
18913,4
10816,2
3073,2
92,1
25850,2
1429,2
15619,3
5693,2
25493,1
2698,2
23005,3
18272,4
18654,4
5311,1
22764,2
24088,3
12009,4
4161,1
19971,3
25387,2
5638,2
15405,4
20370,3
19589,1
2700,1
15285,0
2563,2
15627,0
6301,1
6813,4
2040,4
16254,0
1490,4
15512,0
10726,1
22911,1
18865,3
458,2
5633,2
10796,2
12743,1
17644,3
19923,0
3925,0
20524,4
24891,3
111,2
20332,3
10343,4
19095,3
9579,4
19315,2
425,0
12096,1
9996,4
9614,4
8116,3
22680,2
12412,2
21596,3
2580,3
8904,4
1579,2
14589,0
3431,0
22789,4
23247,3
3524,2
1586,2
25574,0
1697,2
12724,0
21713,2
19993,3
2976,2
10539,0
2531,1
17278,4
21414,3
25236,2
5780,3
17695,2
13717,1
25144,3
4454,3
13693,4
19349,1
6628,2
10514,2
6417,4
23908,3
19109,4
4223,1
25017,3
8649,2
18503,1
3120,1
4546,0
23988,2
14398,1
21607,4
6458,2
8174,1
11029,1
15073,1
9314,0
17780,2
23334,3
15681,1
4810,0
23079,3
14767,2
25578,0
18159,4
10716,0
9985,0
13343,2
14432,4
876,4
8576,4
4345,2
12937,0
6806,2
7194,1
23582,3
18138,1
17499,4
24189,3
23622,3
9955,1
7492,0
18313,1
6588,3
17959,3
6051,3
25717,0
13081,1
22693,2
14002,4
17539,4
6437,1
5737,4
3535,2
25245,3
8761,0
22136,2
18289,1
12757,0
11779,3
4570,2
11353,4
965,0
5553,3
6192,0
25438,2
17450,4
9584,0
9011,4
2310,3
15552,3
583,2
6832,4
11695,4
6119,1
23887,3
4991,2
9784,0
18688,4
25706,2
11965,0
17961,4
15165,4
23056,3
10835,4
24009,2
21212,3
9706,1
18788,4
11124,3
14417,2
20632,1
8471,1
11283,3
9804,2
12982,0
71,0
4246,4
12332,2
23863,3
1614,2
2284,0
21238,2
12213,4
4244,4
8239,0
16176,4
11726,2
16262,4
10351,1
25701,2
14679,0
10615,1
3312,4
6308,2
16722,3
6380,1
23804,3
10266,0
19745,1
1176,1
20104,1
21032,3
25732,4
18684,1
7667,3
14487,1
10014,1
11698,1
16220,4
10823,4
23749,3
5255,0
13970,0
10173,2
10379,0
6558,4
74,2
1323,0
1097,0
11137,4
13869,0
17385,2
23477,4
21972,3
8309,1
16370,2
25407,0
14832,4
20565,1
21140,3
24291,1
23971,1
15954,4
21771,3
22943,3
6591,4
9144,2
24110,3
19625,4
5744,4
10056,4
1849,0
21882,2
6902,0
14365,3
10557,0
2696,0
23045,1
631,2
1034,4
7799,0
10787,1
1013,1
24816,2
26357,0
7245,0
21063,3
5014,4
505,0
26454,3
4422,0
835,2
9077,4
12921,1
15703,1
18731,2
23787,4
1118,3
9732,4
9603,1
15559,4
23921,2
11064,0
14602,4
23534,1
15943,0
25794,0
14367,1
23878,4
2157,3
6440,2
17437,4
1341,2
24688,4
15339,1
19506,4
4620,2
12947,0
11205,4
19143,0
15402,4
15282,4
8529,1
26428,4
12330,2
17521,3
15106,0
1302,4
13822,0
13471,4
22572,3
22095,3
858,0
25424,0
7383,1
13617,2
12340,0
22297,4
783,0
8512,0
1507,2
7701,2
18120,2
538,1
6453,0
13505,0
21958,4
11272,0
24152,3
3331,2
14313,0
18727,3
2299,1
23216,3
567,3
16568,1
22452,1
22797,1
3708,0
11920,0
25525,0
21628,1
13512,0
260,0
21067,1
10257,4
11508,0
17170,2
25978,1
18564,3
13499,1
16891,4
18532,3
15486,0
23944,1
5555,1
22451,3
22793,3
10831,1
13151,3
8561,3
20296,1
18906,3
21878,3
13510,3
26267,0
11095,2
13386,4
23968,3
11478,2
1655,0
11669,0
11289,4
9848,1
19829,3
1802,2
20216,3
8824,0
19425,3
14768,4
9477,1
2007,1
9495,4
8448,4
14445,1
5491,4
13521,0
5275,4
7059,0
21807,3
18342,3
25260,3
18218,3
11096,2
20645,2
16893,4
240,1
13951,0
5239,2
13805,1
20002,3
8101,1
11006,0
21150,1
22050,3
12068,3
9673,4
8068,0
24615,3
6431,0
8501,2
24708,3
25,1
12098,2
22580,3
13847,1
586,1
17504,3
3983,0
16236,4
18507,4
9609,4
9466,4
22995,1
15325,2
26000,0
11663,2
12626,0
18750,1
14269,4
12403,0
19527,3
8980,0
3502,1
1300,0
16648,3
2884,4
22380,4
329,1
19277,3
3346,2
16086,0
7252,2
10825,4
1512,4
15670,4
14934,0
4479,1
25677,0
4897,4
2442,2
10782,2
3257,0
13874,4
1868,1
17199,3
4498,4
3613,3
1652,0
5702,0
21350,1
6763,1
3868,0
10332,2
4337,2
19673,1
12310,2
16963,4
24290,3
3895,3
166,4
22170,1
9441,4
19975,3
9558,3
11510,1
12504,0
8062,3
12342,0
1062,2
2503,1
7647,4
12112,1
18228,4
1811,2
20330,3
7827,1
19720,4
25332,2
16582,3
15151,4
911,0
5170,1
12248,4
12541,4
1569,4
2203,1
3778,4
10243,1
107,4
12618,0
10151,0
5551,1
4406,1
14395,3
18351,1
4012,4
10048,0
8848,1
473,4
2469,4
24931,2
21422,3
18191,2
24866,2
7493,0
4305,3
